name,gender
Makda,F
Samuel,M
Kidus,M
Kifle,M
Genet,F
Zerihun,M
Yordanos,F
Meskerem,F
Lemlem,F
Genet,F
Dawit,M
Tewodros,M
Tamrat,M
Almaz,F
Fitsum,M
Ruth,F
Makda,F
Genet,F
Haile,M
Selam,F
Eyerusalem,F
Betelhem,F
Hirut,F
Abebe,M
Hirut,F
Getachew,M
Meles,M
Hanna,F
Solomon,M
Meles,M
Ruth,F
Amanuel,M
Rediet,F
Genet,F
Sara,F
Tigist,F
Meskerem,F
Haile,M
Makda,F
Selam,F
Fitsum,M
Tesfaye,M
Zerihun,M
Amanuel,M
Hirut,F
Zerihun,M
Hanna,F
Genet,F
Yordanos,F
Nigussie,M
Abebe,M
Hanna,F
Aster,F
Hanna,F
Sara,F
Betelhem,F
Tamrat,M
Rediet,F
Meskerem,F
Tigist,F
Getachew,M
Debritu,F
Tigist,F
Mekdes,F
Genet,F
Dawit,M
Almaz,F
Mekdes,F
Aster,F
Bereket,M
Meskerem,F
Tigist,F
Fitsum,M
Rahel,F
Almaz,F
Lemlem,F
Debritu,F
Dawit,M
Nigussie,M
Meles,M
Yordanos,F
Lemlem,F
Hanna,F
Almaz,F
Fitsum,M
Amanuel,M
Lemlem,F
Nigussie,M
Bereket,M
Zerihun,M
Kidus,M
Tamrat,M
Zerihun,M
Rediet,F
Genet,F
Selam,F
Sara,F
Selam,F
Solomon,M
Feven,F
Getachew,M
Aster,F
Tesfaye,M
Bereket,M
Meles,M
Almaz,F
Eyob,M
Dawit,M
Betelhem,F
Genet,F
Haile,M
Mekdes,F
Kidus,M
Dawit,M
Makda,F
Tigist,F
Ruth,F
Solomon,M
Samuel,M
Sisay,M
Nigussie,M
Aster,F
Aster,F
Hirut,F
Makda,F
Makda,F
Lemlem,F
Meles,M
Samuel,M
Nigussie,M
Eyob,M
Zerihun,M
Kidus,M
Selam,F
Yohannes,M
Almaz,F
Bereket,M
Abebe,M
Tesfaye,M
Dawit,M
Meskerem,F
Meles,M
Samuel,M
Solomon,M
Lemlem,F
Almaz,F
Yordanos,F
Amanuel,M
Kifle,M
Meskerem,F
Almaz,F
Tewodros,M
Meskerem,F
Aster,F
Sisay,M
Eyerusalem,F
Rahel,F
Tamrat,M
Hirut,F
Zerihun,M
Rahel,F
Yordanos,F
Hirut,F
Debritu,F
Kifle,M
Mekdes,F
Nigussie,M
Zerihun,M
Mekdes,F
Tewodros,M
Lemlem,F
Hanna,F
Makda,F
Eyob,M
Tamrat,M
Yordanos,F
Almaz,F
Kifle,M
Zerihun,M
Hirut,F
Tewodros,M
Getachew,M
Ruth,F
Samuel,M
Hirut,F
Mekdes,F
Tigist,F
Sisay,M
Debritu,F
Eyob,M
Debritu,F
Selam,F
Solomon,M
Lemlem,F
Tesfaye,M
Almaz,F
Sara,F
Kidus,M
Sara,F
Hanna,F
Feven,F
Dawit,M
Dawit,M
Tewodros,M
Genet,F
Lemlem,F
Betelhem,F
Mekdes,F
Eyerusalem,F
Genet,F
Tamrat,M
Ruth,F
Meskerem,F
Ruth,F
Rediet,F
Selam,F
Sisay,M
Ruth,F
Genet,F
Solomon,M
Selam,F
Getachew,M
Hanna,F
Tesfaye,M
Almaz,F
Debritu,F
Aster,F
Meles,M
Yordanos,F
Rahel,F
Samuel,M
Tewodros,M
Debritu,F
Dawit,M
Yohannes,M
Ruth,F
Solomon,M
Kifle,M
Abebe,M
Samuel,M
Yordanos,F
Fitsum,M
Kidus,M
Ruth,F
Betelhem,F
Selam,F
Tigist,F
Meskerem,F
Hanna,F
Rahel,F
Solomon,M
Meles,M
Tewodros,M
Almaz,F
Zerihun,M
Solomon,M
Abebe,M
Ruth,F
Rahel,F
Hanna,F
Haile,M
Hirut,F
Sisay,M
Getachew,M
Zerihun,M
Tamrat,M
Rediet,F
Abebe,M
Samuel,M
Rediet,F
Sisay,M
Rahel,F
Ruth,F
Hanna,F
Bereket,M
Aster,F
Nigussie,M
Selam,F
Sisay,M
Abebe,M
Abebe,M
Amanuel,M
Feven,F
Meles,M
Getachew,M
Zerihun,M
Betelhem,F
Zerihun,M
Abebe,M
Genet,F
Hanna,F
Tamrat,M
Meskerem,F
Ruth,F
Aster,F
Rediet,F
Zerihun,M
Kifle,M
Hirut,F
Mekdes,F
Nigussie,M
Tigist,F
Debritu,F
Abebe,M
Selam,F
Samuel,M
Abebe,M
Kifle,M
Getachew,M
Rahel,F
Eyob,M
Aster,F
Hanna,F
Nigussie,M
Almaz,F
Hanna,F
Aster,F
Hanna,F
Tewodros,M
Sisay,M
Feven,F
Almaz,F
Meles,M
Eyob,M
Makda,F
Selam,F
Hirut,F
Zerihun,M
Ruth,F
Fitsum,M
Debritu,F
Eyob,M
Dawit,M
Yordanos,F
Sara,F
Tigist,F
Fitsum,M
Solomon,M
Mekdes,F
Tewodros,M
Rahel,F
Yohannes,M
Sisay,M
Kifle,M
Tesfaye,M
Tigist,F
Debritu,F
Rahel,F
Rediet,F
Meskerem,F
Tigist,F
Eyob,M
Tewodros,M
Kifle,M
Mekdes,F
Meles,M
Hirut,F
Abebe,M
Aster,F
Fitsum,M
Genet,F
Kifle,M
Yohannes,M
Haile,M
Yordanos,F
Eyerusalem,F
Rediet,F
Mekdes,F
Eyerusalem,F
Kifle,M
Tesfaye,M
Selam,F
Samuel,M
Feven,F
Sara,F
Nigussie,M
Bereket,M
Zerihun,M
Aster,F
Yohannes,M
Meles,M
Kifle,M
Lemlem,F
Bereket,M
Betelhem,F
Abebe,M
Eyob,M
Kidus,M
Tigist,F
Yohannes,M
Almaz,F
Hirut,F
Mekdes,F
Rediet,F
Almaz,F
Mekdes,F
Mekdes,F
Aster,F
Ruth,F
Rahel,F
Hirut,F
Sisay,M
Rahel,F
Kifle,M
Samuel,M
Kidus,M
Mekdes,F
Lemlem,F
Selam,F
Solomon,M
Abebe,M
Yohannes,M
Makda,F
Eyerusalem,F
Tamrat,M
Kifle,M
Genet,F
Aster,F
Selam,F
Yordanos,F
Kifle,M
Haile,M
Hirut,F
Rediet,F
Genet,F
Kidus,M
Amanuel,M
Betelhem,F
Solomon,M
Hanna,F
Rahel,F
Solomon,M
Rediet,F
Kidus,M
Hirut,F
Lemlem,F
Meles,M
Abebe,M
Dawit,M
Getachew,M
Tamrat,M
Rediet,F
Getachew,M
Aster,F
Yordanos,F
Selam,F
Eyerusalem,F
Tewodros,M
Meles,M
Kifle,M
Getachew,M
Meskerem,F
Yordanos,F
Makda,F
Fitsum,M
Betelhem,F
Dawit,M
Fitsum,M
Genet,F
Genet,F
Zerihun,M
Nigussie,M
Betelhem,F
Kidus,M
Rediet,F
Tigist,F
Eyob,M
Tewodros,M
Eyerusalem,F
Haile,M
Bereket,M
Yohannes,M
Hirut,F
Haile,M
Zerihun,M
Kidus,M
Almaz,F
Rahel,F
Yohannes,M
Tewodros,M
Lemlem,F
Amanuel,M
Genet,F
Aster,F
Debritu,F
Eyerusalem,F
Ruth,F
Lemlem,F
Dawit,M
Meskerem,F
Aster,F
Ruth,F
Hirut,F
Meles,M
Debritu,F
Yordanos,F
Aster,F
Rahel,F
Tewodros,M
Tamrat,M
Selam,F
Makda,F
Rediet,F
Yordanos,F
Almaz,F
Yohannes,M
Lemlem,F
Amanuel,M
Bereket,M
Feven,F
Solomon,M
Bereket,M
Haile,M
Tamrat,M
Meskerem,F
Mekdes,F
Kidus,M
Meskerem,F
Samuel,M
Debritu,F
Genet,F
Makda,F
Tamrat,M
Haile,M
Aster,F
Betelhem,F
Rahel,F
Meskerem,F
Meskerem,F
Genet,F
Fitsum,M
Getachew,M
Almaz,F
Rediet,F
Abebe,M
Aster,F
Aster,F
Haile,M
Hirut,F
Debritu,F
Hirut,F
Lemlem,F
Sisay,M
Eyerusalem,F
Nigussie,M
Samuel,M
Debritu,F
Makda,F
Rediet,F
Nigussie,M
Aster,F
Eyob,M
Lemlem,F
Eyob,M
Kidus,M
Abebe,M
Feven,F
Zerihun,M
Solomon,M
Ruth,F
Solomon,M
Feven,F
Bereket,M
Yordanos,F
Meskerem,F
Zerihun,M
Amanuel,M
Ruth,F
Bereket,M
Nigussie,M
Nigussie,M
Eyerusalem,F
Hanna,F
Hanna,F
Debritu,F
Sara,F
Aster,F
Tigist,F
Getachew,M
Yordanos,F
Betelhem,F
Zerihun,M
Eyerusalem,F
Abebe,M
Lemlem,F
Tigist,F
Yohannes,M
Ruth,F
Samuel,M
Meles,M
Amanuel,M
Lemlem,F
Eyob,M
Tesfaye,M
Selam,F
Bereket,M
Lemlem,F
Samuel,M
Solomon,M
Samuel,M
Hanna,F
Amanuel,M
Bereket,M
Solomon,M
Eyerusalem,F
Yohannes,M
Meskerem,F
Debritu,F
Tewodros,M
Feven,F
Tesfaye,M
Debritu,F
Zerihun,M
Aster,F
Eyob,M
Lemlem,F
Betelhem,F
Samuel,M
Eyob,M
Tigist,F
Rediet,F
Dawit,M
Hanna,F
Tesfaye,M
Samuel,M
Eyob,M
Betelhem,F
Haile,M
Kidus,M
Rediet,F
Yordanos,F
Sara,F
Solomon,M
Mekdes,F
Tamrat,M
Tesfaye,M
Aster,F
Genet,F
Eyob,M
Betelhem,F
Tigist,F
Tewodros,M
Amanuel,M
Rahel,F
Nigussie,M
Eyerusalem,F
Hirut,F
Hirut,F
Mekdes,F
Aster,F
Hanna,F
Yordanos,F
Tesfaye,M
Rediet,F
Makda,F
Fitsum,M
Meskerem,F
Debritu,F
Tewodros,M
Feven,F
Abebe,M
Ruth,F
Bereket,M
Yohannes,M
Meles,M
Bereket,M
Hanna,F
Selam,F
Eyerusalem,F
Dawit,M
Hirut,F
Rediet,F
Debritu,F
Tigist,F
Feven,F
Getachew,M
Ruth,F
Genet,F
Genet,F
Betelhem,F
Nigussie,M
Meskerem,F
Tamrat,M
Tewodros,M
Feven,F
Bereket,M
Rediet,F
Zerihun,M
Solomon,M
Genet,F
Eyob,M
Samuel,M
Amanuel,M
Hanna,F
Meles,M
Rahel,F
Sisay,M
Meles,M
Dawit,M
Meskerem,F
Rediet,F
Mekdes,F
Nigussie,M
Bereket,M
Haile,M
Haile,M
Tewodros,M
Genet,F
Abebe,M
Tamrat,M
Eyob,M
Dawit,M
Betelhem,F
Betelhem,F
Hanna,F
Lemlem,F
Betelhem,F
Bereket,M
Dawit,M
Selam,F
Yordanos,F
Zerihun,M
Sisay,M
Haile,M
Feven,F
Hanna,F
Yohannes,M
Amanuel,M
Hirut,F
Tamrat,M
Eyob,M
Selam,F
Meles,M
Mekdes,F
Debritu,F
Tewodros,M
Tamrat,M
Nigussie,M
Bereket,M
Lemlem,F
Samuel,M
Debritu,F
Kidus,M
Debritu,F
Bereket,M
Tamrat,M
Kidus,M
Eyerusalem,F
Haile,M
Feven,F
Amanuel,M
Almaz,F
Almaz,F
Amanuel,M
Rediet,F
Nigussie,M
Nigussie,M
Sisay,M
Hanna,F
Fitsum,M
Meles,M
Tewodros,M
Selam,F
Betelhem,F
Lemlem,F
Bereket,M
Eyob,M
Bereket,M
Hirut,F
Amanuel,M
Almaz,F
Almaz,F
Kifle,M
Debritu,F
Eyerusalem,F
Samuel,M
Almaz,F
Aster,F
Rediet,F
Zerihun,M
Rahel,F
Kifle,M
Almaz,F
Yordanos,F
Bereket,M
Bereket,M
Yohannes,M
Yordanos,F
Tigist,F
Debritu,F
Makda,F
Ruth,F
Nigussie,M
Abebe,M
Dawit,M
Almaz,F
Debritu,F
Tamrat,M
Eyob,M
Tesfaye,M
Samuel,M
Aster,F
Tesfaye,M
Fitsum,M
Meles,M
Eyob,M
Betelhem,F
Kidus,M
Betelhem,F
Lemlem,F
Lemlem,F
Eyob,M
Yordanos,F
Amanuel,M
Feven,F
Kifle,M
Kidus,M
Rahel,F
Eyerusalem,F
Almaz,F
Selam,F
Meles,M
Tesfaye,M
Eyerusalem,F
Yohannes,M
Debritu,F
Yohannes,M
Fitsum,M
Lemlem,F
Tewodros,M
Rediet,F
Eyerusalem,F
Nigussie,M
Genet,F
Meles,M
Betelhem,F
Almaz,F
Tesfaye,M
Haile,M
Meskerem,F
Rediet,F
Hanna,F
Solomon,M
Tesfaye,M
Meskerem,F
Ruth,F
Eyerusalem,F
Hanna,F
Hirut,F
Nigussie,M
Debritu,F
Lemlem,F
Aster,F
Ruth,F
Bereket,M
Hirut,F
Selam,F
Tewodros,M
Tamrat,M
Yordanos,F
Selam,F
Lemlem,F
Abebe,M
Kifle,M
Kidus,M
Genet,F
Lemlem,F
Yordanos,F
Bereket,M
Sisay,M
Abebe,M
Hanna,F
Eyerusalem,F
Abebe,M
Sara,F
Solomon,M
Rahel,F
Genet,F
Tewodros,M
Ruth,F
Hirut,F
Hanna,F
Haile,M
Meskerem,F
Rahel,F
Hanna,F
Getachew,M
Getachew,M
Tigist,F
Dawit,M
Mekdes,F
Genet,F
Sara,F
Tamrat,M
Solomon,M
Dawit,M
Betelhem,F
Getachew,M
Dawit,M
Kidus,M
Fitsum,M
Solomon,M
Feven,F
Rahel,F
Genet,F
Yohannes,M
Feven,F
Kifle,M
Kifle,M
Yordanos,F
Aster,F
Solomon,M
Nigussie,M
Hanna,F
Eyerusalem,F
Sisay,M
Yohannes,M
Haile,M
Kifle,M
Eyerusalem,F
Tamrat,M
Dawit,M
Fitsum,M
Selam,F
Getachew,M
Meskerem,F
Samuel,M
Kifle,M
Almaz,F
Zerihun,M
Sisay,M
Zerihun,M
Hanna,F
Ruth,F
Kidus,M
Selam,F
Hanna,F
Abebe,M
Dawit,M
Debritu,F
Tamrat,M
Solomon,M
Betelhem,F
Eyob,M
Rediet,F
Hanna,F
Abebe,M
Solomon,M
Yohannes,M
Lemlem,F
Sisay,M
Feven,F
Kifle,M
Hirut,F
Hirut,F
Solomon,M
Rediet,F
Almaz,F
Abebe,M
Amanuel,M
Kifle,M
Mekdes,F
Fitsum,M
Tewodros,M
Kidus,M
Bereket,M
Getachew,M
Kifle,M
Yohannes,M
Debritu,F
Samuel,M
Bereket,M
Sara,F
Betelhem,F
Meskerem,F
Meskerem,F
Mekdes,F
Meles,M
Debritu,F
Solomon,M
Eyob,M
Hirut,F
Haile,M
Tamrat,M
Zerihun,M
Betelhem,F
Haile,M
Tesfaye,M
Dawit,M
Sisay,M
Feven,F
Rahel,F
Tesfaye,M
Tamrat,M
Mekdes,F
Selam,F
Genet,F
Hirut,F
Ruth,F
Yordanos,F
Yohannes,M
Tamrat,M
Zerihun,M
Yohannes,M
Nigussie,M
Yordanos,F
Yordanos,F
Ruth,F
Nigussie,M
Almaz,F
Betelhem,F
Meskerem,F
Haile,M
Feven,F
Selam,F
Selam,F
Meskerem,F
Tamrat,M
Debritu,F
Debritu,F
Meskerem,F
Makda,F
Feven,F
Solomon,M
Kifle,M
Haile,M
Getachew,M
Almaz,F
Lemlem,F
Hanna,F
Hirut,F
Eyerusalem,F
Almaz,F
Tigist,F
Rahel,F
Almaz,F
Sara,F
Tamrat,M
Getachew,M
Getachew,M
Kidus,M
Tewodros,M
Tesfaye,M
Aster,F
Yordanos,F
Fitsum,M
Mekdes,F
Tamrat,M
Betelhem,F
Amanuel,M
Haile,M
Meskerem,F
Debritu,F
Tesfaye,M
Sisay,M
Tesfaye,M
Hanna,F
Bereket,M
Betelhem,F
Mekdes,F
Betelhem,F
Rahel,F
Debritu,F
Hirut,F
Dawit,M
Eyerusalem,F
Kifle,M
Eyob,M
Eyob,M
Rediet,F
Tamrat,M
Sisay,M
Yohannes,M
Feven,F
Lemlem,F
Eyob,M
Genet,F
Haile,M
Selam,F
Kifle,M
Hirut,F
Nigussie,M
Betelhem,F
Bereket,M
Tewodros,M
Tesfaye,M
Amanuel,M
Eyob,M
Getachew,M
Genet,F
Ruth,F
Amanuel,M
Eyerusalem,F
Abebe,M
Kifle,M
Nigussie,M
Yordanos,F
Sara,F
Samuel,M
Solomon,M
Bereket,M
Zerihun,M
Almaz,F
Abebe,M
Dawit,M
Makda,F
Getachew,M
Sisay,M
Zerihun,M
Zerihun,M
Tamrat,M
Kifle,M
Sara,F
Almaz,F
Rahel,F
Kifle,M
Haile,M
Selam,F
Almaz,F
Getachew,M
Feven,F
Kifle,M
Nigussie,M
Tewodros,M
Dawit,M
Solomon,M
Rediet,F
Mekdes,F
Aster,F
Kifle,M
Kifle,M
Bereket,M
Feven,F
Tigist,F
Betelhem,F
Tewodros,M
Nigussie,M
Dawit,M
Sara,F
Makda,F
Amanuel,M
Meles,M
Aster,F
Meskerem,F
Nigussie,M
Fitsum,M
Selam,F
Selam,F
Samuel,M
Makda,F
Yohannes,M
Fitsum,M
Rahel,F
Haile,M
Abebe,M
Makda,F
Nigussie,M
Yordanos,F
Meskerem,F
Amanuel,M
Yordanos,F
Ruth,F
Nigussie,M
Sisay,M
Samuel,M
Genet,F
Bereket,M
Haile,M
Getachew,M
Rediet,F
Dawit,M
Kifle,M
Amanuel,M
Tewodros,M
Tewodros,M
Nigussie,M
Kidus,M
Bereket,M
Dawit,M
Sara,F
Lemlem,F
Tigist,F
Kidus,M
Kifle,M
Nigussie,M
Feven,F
Betelhem,F
Nigussie,M
Meles,M
Rahel,F
Ruth,F
Bereket,M
Feven,F
Getachew,M
Yohannes,M
Kifle,M
Samuel,M
Bereket,M
Tesfaye,M
Aster,F
Almaz,F
Rediet,F
Nigussie,M
Feven,F
Feven,F
Betelhem,F
Nigussie,M
Hanna,F
Aster,F
Tamrat,M
Meskerem,F
Meles,M
Sara,F
Bereket,M
Eyob,M
Abebe,M
Fitsum,M
Feven,F
Solomon,M
Yordanos,F
Amanuel,M
Genet,F
Tigist,F
Lemlem,F
Meskerem,F
Fitsum,M
Kidus,M
Selam,F
Rediet,F
Tigist,F
Makda,F
Hirut,F
Haile,M
Rediet,F
Solomon,M
Rahel,F
Tamrat,M
Yordanos,F
Yohannes,M
Samuel,M
Debritu,F
Tewodros,M
Kidus,M
Ruth,F
Amanuel,M
Yohannes,M
Tigist,F
Eyerusalem,F
Hanna,F
Genet,F
Aster,F
Tamrat,M
Samuel,M
Getachew,M
Feven,F
Eyob,M
Amanuel,M
Lemlem,F
Hirut,F
Sara,F
Aster,F
Fitsum,M
Meles,M
Samuel,M
Mekdes,F
Bereket,M
Tesfaye,M
Almaz,F
Tesfaye,M
Debritu,F
Sisay,M
Abebe,M
Meskerem,F
Haile,M
Meles,M
Debritu,F
Aster,F
Ruth,F
Amanuel,M
Rediet,F
Selam,F
Bereket,M
Amanuel,M
Tewodros,M
Genet,F
Betelhem,F
Abebe,M
Hanna,F
Genet,F
Tamrat,M
Aster,F
Dawit,M
Getachew,M
Rahel,F
Debritu,F
Meskerem,F
Ruth,F
Debritu,F
Mekdes,F
Tigist,F
Eyob,M
Eyerusalem,F
Fitsum,M
Kidus,M
Feven,F
Dawit,M
Eyerusalem,F
Amanuel,M
Bereket,M
Samuel,M
Samuel,M
Yohannes,M
Ruth,F
Getachew,M
Betelhem,F
Sisay,M
Sara,F
Ruth,F
Hirut,F
Haile,M
Feven,F
Hirut,F
Haile,M
Bereket,M
Tamrat,M
Samuel,M
Yohannes,M
Yordanos,F
Hanna,F
Debritu,F
Debritu,F
Rahel,F
Debritu,F
Selam,F
Hirut,F
Amanuel,M
Tamrat,M
Ruth,F
Nigussie,M
Getachew,M
Kifle,M
Selam,F
Hanna,F
Meles,M
Meles,M
Feven,F
Yohannes,M
Eyob,M
Lemlem,F
Bereket,M
Kidus,M
Meles,M
Makda,F
Sara,F
Yordanos,F
Fitsum,M
Kidus,M
Selam,F
Bereket,M
Getachew,M
Dawit,M
Haile,M
Aster,F
Yordanos,F
Genet,F
Bereket,M
Bereket,M
Makda,F
Genet,F
Mekdes,F
Debritu,F
Solomon,M
Yohannes,M
Mekdes,F
Tesfaye,M
Amanuel,M
Genet,F
Selam,F
Yordanos,F
Tewodros,M
Lemlem,F
Yordanos,F
Meles,M
Getachew,M
Solomon,M
Kifle,M
Kifle,M
Tesfaye,M
Amanuel,M
Getachew,M
Debritu,F
Fitsum,M
Feven,F
Tigist,F
Genet,F
Feven,F
Meles,M
Sisay,M
Sisay,M
Selam,F
Mekdes,F
Genet,F
Zerihun,M
Getachew,M
Getachew,M
Meskerem,F
Solomon,M
Abebe,M
Hirut,F
Genet,F
Kidus,M
Fitsum,M
Haile,M
Bereket,M
Debritu,F
Samuel,M
Sisay,M
Getachew,M
Haile,M
Tesfaye,M
Hanna,F
Getachew,M
Tamrat,M
Selam,F
Haile,M
Sara,F
Bereket,M
Zerihun,M
Hanna,F
Abebe,M
Yordanos,F
Zerihun,M
Feven,F
Debritu,F
Feven,F
Selam,F
Dawit,M
Samuel,M
Yordanos,F
Tewodros,M
Dawit,M
Tesfaye,M
Selam,F
Feven,F
Tesfaye,M
Tesfaye,M
Bereket,M
Almaz,F
Lemlem,F
Betelhem,F
Haile,M
Makda,F
Feven,F
Genet,F
Tigist,F
Mekdes,F
Hirut,F
Abebe,M
Betelhem,F
Samuel,M
Debritu,F
Genet,F
Lemlem,F
Tigist,F
Betelhem,F
Tesfaye,M
Betelhem,F
Tigist,F
Rediet,F
Feven,F
Getachew,M
Lemlem,F
Rediet,F
Rahel,F
Nigussie,M
Lemlem,F
Feven,F
Hanna,F
Hirut,F
Solomon,M
Haile,M
Tewodros,M
Betelhem,F
Samuel,M
Genet,F
Zerihun,M
Tesfaye,M
Getachew,M
Aster,F
Betelhem,F
Debritu,F
Kidus,M
Makda,F
Dawit,M
Kidus,M
Meles,M
Kidus,M
Rediet,F
Haile,M
Tesfaye,M
Amanuel,M
Bereket,M
Ruth,F
Meles,M
Meles,M
Mekdes,F
Genet,F
Yordanos,F
Dawit,M
Tewodros,M
Haile,M
Hanna,F
Nigussie,M
Solomon,M
Genet,F
Eyerusalem,F
Rediet,F
Dawit,M
Feven,F
Tigist,F
Hanna,F
Yordanos,F
Solomon,M
Rediet,F
Meskerem,F
Rediet,F
Selam,F
Ruth,F
Fitsum,M
Getachew,M
Rediet,F
Genet,F
Zerihun,M
Eyerusalem,F
Meskerem,F
Lemlem,F
Tamrat,M
Rahel,F
Nigussie,M
Abebe,M
Feven,F
Nigussie,M
Bereket,M
Tamrat,M
Hanna,F
Yordanos,F
Tewodros,M
Meskerem,F
Sisay,M
Ruth,F
Meles,M
Sisay,M
Makda,F
Fitsum,M
Meles,M
Fitsum,M
Tewodros,M
Tamrat,M
Tigist,F
Genet,F
Amanuel,M
Mekdes,F
Rahel,F
Genet,F
Tesfaye,M
Haile,M
Fitsum,M
Abebe,M
Dawit,M
Mekdes,F
Hirut,F
Tewodros,M
Selam,F
Mekdes,F
Haile,M
Tewodros,M
Tewodros,M
Genet,F
Dawit,M
Sara,F
Makda,F
Yordanos,F
Makda,F
Solomon,M
Sara,F
Tesfaye,M
Rahel,F
Almaz,F
Genet,F
Haile,M
Meskerem,F
Debritu,F
Eyob,M
Eyerusalem,F
Mekdes,F
Eyob,M
Aster,F
Fitsum,M
Kidus,M
Makda,F
Mekdes,F
Eyob,M
Feven,F
Bereket,M
Samuel,M
Tesfaye,M
Nigussie,M
Solomon,M
Amanuel,M
Kidus,M
Debritu,F
Feven,F
Tesfaye,M
Eyerusalem,F
Ruth,F
Mekdes,F
Genet,F
Zerihun,M
Aster,F
Aster,F
Tamrat,M
Mekdes,F
Hirut,F
Kifle,M
Haile,M
Feven,F
Aster,F
Kifle,M
Bereket,M
Eyob,M
Debritu,F
Tamrat,M
Almaz,F
Kidus,M
Betelhem,F
Getachew,M
Zerihun,M
Getachew,M
Eyob,M
Tesfaye,M
Nigussie,M
Eyerusalem,F
Tesfaye,M
Sara,F
Lemlem,F
Dawit,M
Sisay,M
Tigist,F
Sara,F
Haile,M
Dawit,M
Meles,M
Abebe,M
Makda,F
Abebe,M
Meskerem,F
Genet,F
Meskerem,F
Fitsum,M
Betelhem,F
Getachew,M
Yordanos,F
Aster,F
Makda,F
Haile,M
Yohannes,M
Eyerusalem,F
Sisay,M
Meskerem,F
Eyob,M
Rediet,F
Meskerem,F
Tewodros,M
Ruth,F
Selam,F
Betelhem,F
Debritu,F
Dawit,M
Getachew,M
Sara,F
Aster,F
Aster,F
Eyerusalem,F
Meles,M
Sisay,M
Kifle,M
Bereket,M
Aster,F
Bereket,M
Yordanos,F
Fitsum,M
Feven,F
Hanna,F
Kidus,M
Haile,M
Betelhem,F
Nigussie,M
Hanna,F
Kidus,M
Eyerusalem,F
Ruth,F
Meskerem,F
Selam,F
Dawit,M
Zerihun,M
Dawit,M
Dawit,M
Rediet,F
Almaz,F
Ruth,F
Tigist,F
Samuel,M
Abebe,M
Amanuel,M
Selam,F
Sisay,M
Nigussie,M
Genet,F
Sara,F
Feven,F
Tigist,F
Yordanos,F
Rahel,F
Debritu,F
Amanuel,M
Ruth,F
Betelhem,F
Meles,M
Abebe,M
Samuel,M
Almaz,F
Debritu,F
Eyob,M
Tewodros,M
Haile,M
Zerihun,M
Tesfaye,M
Hirut,F
Sara,F
Tewodros,M
Nigussie,M
Kifle,M
Hanna,F
Tewodros,M
Tewodros,M
Yohannes,M
Tewodros,M
Hirut,F
Eyerusalem,F
Zerihun,M
Selam,F
Amanuel,M
Meles,M
Tesfaye,M
Eyob,M
Genet,F
Amanuel,M
Haile,M
Amanuel,M
Ruth,F
Tamrat,M
Eyerusalem,F
Samuel,M
Makda,F
Nigussie,M
Tigist,F
Betelhem,F
Samuel,M
Hanna,F
Haile,M
Zerihun,M
Eyob,M
Hanna,F
Almaz,F
Rahel,F
Makda,F
Debritu,F
Betelhem,F
Hirut,F
Tewodros,M
Samuel,M
Almaz,F
Tamrat,M
Samuel,M
Sisay,M
Dawit,M
Betelhem,F
Genet,F
Ruth,F
Nigussie,M
Hanna,F
Aster,F
Lemlem,F
Feven,F
Bereket,M
Nigussie,M
Feven,F
Zerihun,M
Genet,F
Bereket,M
Feven,F
Lemlem,F
Makda,F
Amanuel,M
Hanna,F
Samuel,M
Lemlem,F
Debritu,F
Zerihun,M
Makda,F
Aster,F
Kidus,M
Meskerem,F
Meskerem,F
Samuel,M
Samuel,M
Selam,F
Yordanos,F
Sisay,M
Eyob,M
Amanuel,M
Mekdes,F
Rediet,F
Tamrat,M
Samuel,M
Lemlem,F
Hirut,F
Haile,M
Tigist,F
Sara,F
Bereket,M
Solomon,M
Bereket,M
Samuel,M
Getachew,M
Sara,F
Meskerem,F
Rahel,F
Rahel,F
Samuel,M
Abebe,M
Selam,F
Tamrat,M
Aster,F
Genet,F
Dawit,M
Zerihun,M
Kidus,M
Ruth,F
Ruth,F
Kidus,M
Fitsum,M
Mekdes,F
Eyerusalem,F
Feven,F
Dawit,M
Makda,F
Feven,F
Dawit,M
Zerihun,M
Tigist,F
Ruth,F
Yordanos,F
Kidus,M
Mekdes,F
Tamrat,M
Almaz,F
Aster,F
Solomon,M
Zerihun,M
Meskerem,F
Bereket,M
Rediet,F
Fitsum,M
Abebe,M
Tesfaye,M
Makda,F
Abebe,M
Lemlem,F
Meles,M
Solomon,M
Sara,F
Eyob,M
Meles,M
Samuel,M
Mekdes,F
Tamrat,M
Tesfaye,M
Rahel,F
Fitsum,M
Amanuel,M
Yohannes,M
Tamrat,M
Selam,F
Betelhem,F
Sara,F
Kifle,M
Yohannes,M
Yohannes,M
Fitsum,M
Almaz,F
Solomon,M
Eyerusalem,F
Sisay,M
Debritu,F
Kifle,M
Genet,F
Yohannes,M
Yohannes,M
Sara,F
Debritu,F
Nigussie,M
Genet,F
Selam,F
Hirut,F
Meles,M
Yohannes,M
Eyerusalem,F
Haile,M
Aster,F
Mekdes,F
Selam,F
Samuel,M
Getachew,M
Dawit,M
Zerihun,M
Meles,M
Debritu,F
Getachew,M
Lemlem,F
Eyob,M
Abebe,M
Abebe,M
Meskerem,F
Eyerusalem,F
Nigussie,M
Tesfaye,M
Tesfaye,M
Ruth,F
Eyob,M
Nigussie,M
Betelhem,F
Betelhem,F
Tewodros,M
Selam,F
Tamrat,M
Selam,F
Meles,M
Eyerusalem,F
Hanna,F
Mekdes,F
Mekdes,F
Feven,F
Bereket,M
Tigist,F
Getachew,M
Sisay,M
Bereket,M
Solomon,M
Sara,F
Tigist,F
Meles,M
Abebe,M
Tamrat,M
Rediet,F
Lemlem,F
Tewodros,M
Tigist,F
Yohannes,M
Tamrat,M
Kidus,M
Aster,F
Eyob,M
Debritu,F
Tamrat,M
Amanuel,M
Fitsum,M
Selam,F
Eyob,M
Sara,F
Eyob,M
Meskerem,F
Genet,F
Hanna,F
Yordanos,F
Nigussie,M
Ruth,F
Genet,F
Rediet,F
Eyob,M
Solomon,M
Ruth,F
Genet,F
Tewodros,M
Sara,F
Makda,F
Feven,F
Samuel,M
Samuel,M
Hanna,F
Sara,F
Meles,M
Meles,M
Bereket,M
Selam,F
Aster,F
Tesfaye,M
Meles,M
Meles,M
Nigussie,M
Dawit,M
Betelhem,F
Eyob,M
Betelhem,F
Tamrat,M
Tewodros,M
Sara,F
Meskerem,F
Mekdes,F
Solomon,M
Eyerusalem,F
Amanuel,M
Bereket,M
Kifle,M
Tigist,F
Eyerusalem,F
Hanna,F
Betelhem,F
Ruth,F
Fitsum,M
Abebe,M
Almaz,F
Eyerusalem,F
Hanna,F
Mekdes,F
Meles,M
Eyob,M
Solomon,M
Dawit,M
Betelhem,F
Amanuel,M
Tewodros,M
Samuel,M
Rahel,F
Almaz,F
Almaz,F
Ruth,F
Meskerem,F
Betelhem,F
Genet,F
Sisay,M
Feven,F
Kidus,M
Getachew,M
Bereket,M
Amanuel,M
Mekdes,F
Haile,M
Meles,M
Zerihun,M
Kifle,M
Betelhem,F
Abebe,M
Almaz,F
Kifle,M
Hanna,F
Tewodros,M
Sisay,M
Debritu,F
Solomon,M
Betelhem,F
Feven,F
Eyerusalem,F
Ruth,F
Sisay,M
Genet,F
Eyob,M
Bereket,M
Yordanos,F
Kifle,M
Nigussie,M
Getachew,M
Tesfaye,M
Sisay,M
Haile,M
Tesfaye,M
Dawit,M
Tigist,F
Mekdes,F
Hirut,F
Meskerem,F
Kidus,M
Aster,F
Amanuel,M
Hirut,F
Betelhem,F
Kidus,M
Zerihun,M
Feven,F
Betelhem,F
Tigist,F
Hirut,F
Tewodros,M
Nigussie,M
Mekdes,F
Dawit,M
Eyob,M
Debritu,F
Tamrat,M
Debritu,F
Tigist,F
Getachew,M
Aster,F
Tamrat,M
Meles,M
Bereket,M
Tigist,F
Mekdes,F
Makda,F
Lemlem,F
Bereket,M
Aster,F
Fitsum,M
Ruth,F
Tesfaye,M
Yordanos,F
Haile,M
Sara,F
Zerihun,M
Hirut,F
Genet,F
Tigist,F
Genet,F
Tesfaye,M
Eyob,M
Dawit,M
Fitsum,M
Samuel,M
Rahel,F
Selam,F
Eyob,M
Sisay,M
Sisay,M
Haile,M
Dawit,M
Zerihun,M
Dawit,M
Feven,F
Rahel,F
Getachew,M
Tesfaye,M
Samuel,M
Debritu,F
Genet,F
Nigussie,M
Rediet,F
Betelhem,F
Dawit,M
Tamrat,M
Lemlem,F
Eyob,M
Mekdes,F
Yohannes,M
Rediet,F
Kidus,M
Kidus,M
Sara,F
Aster,F
Tamrat,M
Fitsum,M
Kifle,M
Tesfaye,M
Betelhem,F
Meles,M
Samuel,M
Samuel,M
Abebe,M
Zerihun,M
Tamrat,M
Eyerusalem,F
Mekdes,F
Yohannes,M
Hirut,F
Aster,F
Zerihun,M
Samuel,M
Haile,M
Samuel,M
Almaz,F
Getachew,M
Kidus,M
Makda,F
Tigist,F
Lemlem,F
Haile,M
Getachew,M
Selam,F
Eyob,M
Selam,F
Samuel,M
Betelhem,F
Abebe,M
Rahel,F
Meles,M
Hirut,F
Tamrat,M
Ruth,F
Bereket,M
Tesfaye,M
Sara,F
Bereket,M
Aster,F
Getachew,M
Sara,F
Almaz,F
Sisay,M
Sisay,M
Makda,F
Sara,F
Almaz,F
Debritu,F
Yohannes,M
Tewodros,M
Meles,M
Rahel,F
Rediet,F
Sara,F
Ruth,F
Hanna,F
Feven,F
Almaz,F
Mekdes,F
Sara,F
Getachew,M
Fitsum,M
Nigussie,M
Genet,F
Tewodros,M
Tigist,F
Lemlem,F
Abebe,M
Kidus,M
Feven,F
Lemlem,F
Sisay,M
Sisay,M
Zerihun,M
Abebe,M
Hanna,F
Meles,M
Lemlem,F
Mekdes,F
Selam,F
Ruth,F
Debritu,F
Eyob,M
Betelhem,F
Dawit,M
Yohannes,M
Almaz,F
Genet,F
Abebe,M
Makda,F
Debritu,F
Makda,F
Haile,M
Eyerusalem,F
Hanna,F
Tamrat,M
Hirut,F
Rediet,F
Debritu,F
Tewodros,M
Sisay,M
Solomon,M
Abebe,M
Solomon,M
Fitsum,M
Mekdes,F
Selam,F
Kifle,M
Kifle,M
Eyerusalem,F
Selam,F
Bereket,M
Getachew,M
Aster,F
Almaz,F
Samuel,M
Selam,F
Mekdes,F
Hanna,F
Fitsum,M
Betelhem,F
Dawit,M
Genet,F
Betelhem,F
Lemlem,F
Tesfaye,M
Eyerusalem,F
Lemlem,F
Getachew,M
Fitsum,M
Eyob,M
Getachew,M
Eyob,M
Makda,F
Lemlem,F
Genet,F
Amanuel,M
Amanuel,M
Getachew,M
Eyob,M
Selam,F
Aster,F
Solomon,M
Rediet,F
Abebe,M
Zerihun,M
Genet,F
Lemlem,F
Samuel,M
Rediet,F
Ruth,F
Rediet,F
Lemlem,F
Hanna,F
Lemlem,F
Sara,F
Tewodros,M
Fitsum,M
Dawit,M
Zerihun,M
Kifle,M
Haile,M
Bereket,M
Tigist,F
Genet,F
Getachew,M
Ruth,F
Lemlem,F
Zerihun,M
Nigussie,M
Sisay,M
Abebe,M
Genet,F
Hanna,F
Debritu,F
Kifle,M
Eyob,M
Debritu,F
Aster,F
Aster,F
Almaz,F
Tewodros,M
Tewodros,M
Yordanos,F
Kifle,M
Selam,F
Nigussie,M
Sara,F
Eyob,M
Fitsum,M
Eyob,M
Tewodros,M
Zerihun,M
Tamrat,M
Tewodros,M
Selam,F
Hirut,F
Tesfaye,M
Sisay,M
Kidus,M
Tewodros,M
Solomon,M
Hanna,F
Makda,F
Solomon,M
Zerihun,M
Feven,F
Hanna,F
Tesfaye,M
Getachew,M
Samuel,M
Aster,F
Lemlem,F
Genet,F
Hirut,F
Tamrat,M
Rahel,F
Sara,F
Eyob,M
Tesfaye,M
Kidus,M
Almaz,F
Tamrat,M
Dawit,M
Eyob,M
Rahel,F
Aster,F
Sara,F
Sisay,M
Tesfaye,M
Sisay,M
Genet,F
Debritu,F
Tamrat,M
Zerihun,M
Feven,F
Almaz,F
Mekdes,F
Selam,F
Tewodros,M
Hirut,F
Eyerusalem,F
Kidus,M
Feven,F
Getachew,M
Feven,F
Eyerusalem,F
Tamrat,M
Getachew,M
Selam,F
Haile,M
Rahel,F
Sara,F
Rediet,F
Tewodros,M
Zerihun,M
Getachew,M
Feven,F
Dawit,M
Solomon,M
Dawit,M
Genet,F
Rahel,F
Solomon,M
Ruth,F
Yordanos,F
Betelhem,F
Tigist,F
Betelhem,F
Nigussie,M
Tesfaye,M
Yordanos,F
Yordanos,F
Fitsum,M
Fitsum,M
Meles,M
Mekdes,F
Genet,F
Samuel,M
Lemlem,F
Debritu,F
Genet,F
Betelhem,F
Fitsum,M
Bereket,M
Rediet,F
Genet,F
Tigist,F
Tewodros,M
Sisay,M
Selam,F
Eyob,M
Hirut,F
Rahel,F
Meles,M
Meles,M
Makda,F
Kifle,M
Samuel,M
Tesfaye,M
Ruth,F
Yordanos,F
Tamrat,M
Betelhem,F
Ruth,F
Hirut,F
Selam,F
Feven,F
Debritu,F
Debritu,F
Sara,F
Tesfaye,M
Mekdes,F
Rahel,F
Ruth,F
Dawit,M
Betelhem,F
Tesfaye,M
Hanna,F
Getachew,M
Amanuel,M
Yordanos,F
Selam,F
Debritu,F
Almaz,F
Betelhem,F
Haile,M
Almaz,F
Rahel,F
Lemlem,F
Rahel,F
Solomon,M
Abebe,M
Nigussie,M
Almaz,F
Almaz,F
Aster,F
Bereket,M
Betelhem,F
Kifle,M
Makda,F
Genet,F
Mekdes,F
Mekdes,F
Hanna,F
Aster,F
Bereket,M
Zerihun,M
Feven,F
Selam,F
Dawit,M
Rahel,F
Selam,F
Sisay,M
Ruth,F
Getachew,M
Tewodros,M
Feven,F
Meskerem,F
Yordanos,F
Tewodros,M
Bereket,M
Abebe,M
Solomon,M
Meles,M
Debritu,F
Feven,F
Fitsum,M
Fitsum,M
Hanna,F
Nigussie,M
Nigussie,M
Samuel,M
Nigussie,M
Meles,M
Eyerusalem,F
Sisay,M
Eyob,M
Samuel,M
Almaz,F
Abebe,M
Yordanos,F
Hanna,F
Eyob,M
Yohannes,M
Feven,F
Nigussie,M
Meles,M
Sisay,M
Eyob,M
Hirut,F
Amanuel,M
Meles,M
Haile,M
Tamrat,M
Fitsum,M
Solomon,M
Bereket,M
Mekdes,F
Meskerem,F
Dawit,M
Fitsum,M
Fitsum,M
Rediet,F
Debritu,F
Fitsum,M
Yordanos,F
Feven,F
Genet,F
Ruth,F
Tamrat,M
Selam,F
Tewodros,M
Feven,F
Kidus,M
Bereket,M
Ruth,F
Sara,F
Rediet,F
Tigist,F
Samuel,M
Rediet,F
Feven,F
Sisay,M
Yordanos,F
Tamrat,M
Amanuel,M
Sisay,M
Getachew,M
Rediet,F
Mekdes,F
Tigist,F
Getachew,M
Feven,F
Meskerem,F
Lemlem,F
Meskerem,F
Nigussie,M
Nigussie,M
Abebe,M
Almaz,F
Tewodros,M
Sisay,M
Selam,F
Yohannes,M
Lemlem,F
Hanna,F
Selam,F
Samuel,M
Dawit,M
Hirut,F
Samuel,M
Aster,F
Tewodros,M
Eyerusalem,F
Genet,F
Nigussie,M
Makda,F
Getachew,M
Samuel,M
Haile,M
Yohannes,M
Feven,F
Makda,F
Sisay,M
Kifle,M
Makda,F
Hanna,F
Meskerem,F
Meskerem,F
Almaz,F
Aster,F
Feven,F
Meles,M
Rediet,F
Zerihun,M
Amanuel,M
Hirut,F
Genet,F
Sisay,M
Meskerem,F
Meskerem,F
Lemlem,F
Betelhem,F
Hirut,F
Samuel,M
Nigussie,M
Yohannes,M
Ruth,F
Fitsum,M
Rahel,F
Solomon,M
Eyerusalem,F
Sisay,M
Eyob,M
Dawit,M
Samuel,M
Kidus,M
Kidus,M
Aster,F
Solomon,M
Mekdes,F
Tigist,F
Rediet,F
Yohannes,M
Nigussie,M
Samuel,M
Lemlem,F
Makda,F
Rahel,F
Rahel,F
Yordanos,F
Kidus,M
Lemlem,F
Solomon,M
Samuel,M
Genet,F
Solomon,M
Tamrat,M
Hirut,F
Ruth,F
Aster,F
Lemlem,F
Dawit,M
Samuel,M
Kidus,M
Betelhem,F
Rahel,F
Tamrat,M
Tamrat,M
Getachew,M
Sara,F
Zerihun,M
Selam,F
Zerihun,M
Kidus,M
Solomon,M
Zerihun,M
Tesfaye,M
Kifle,M
Lemlem,F
Genet,F
Fitsum,M
Haile,M
Meles,M
Genet,F
Yohannes,M
Rediet,F
Amanuel,M
Abebe,M
Makda,F
Meles,M
Debritu,F
Rahel,F
Rediet,F
Meles,M
Sisay,M
Tesfaye,M
Almaz,F
Hanna,F
Tesfaye,M
Ruth,F
Abebe,M
Eyob,M
Lemlem,F
Dawit,M
Amanuel,M
Selam,F
Rediet,F
Kifle,M
Meles,M
Amanuel,M
Lemlem,F
Solomon,M
Betelhem,F
Hanna,F
Amanuel,M
Getachew,M
Kifle,M
Mekdes,F
Zerihun,M
Hanna,F
Makda,F
Zerihun,M
Sisay,M
Haile,M
Genet,F
Tesfaye,M
Tewodros,M
Genet,F
Kidus,M
Tesfaye,M
Amanuel,M
Bereket,M
Rediet,F
Rahel,F
Bereket,M
Kidus,M
Kifle,M
Selam,F
Almaz,F
Tewodros,M
Meskerem,F
Meskerem,F
Tamrat,M
Mekdes,F
Yohannes,M
Sisay,M
Almaz,F
Zerihun,M
Eyerusalem,F
Eyerusalem,F
Eyerusalem,F
Samuel,M
Aster,F
Abebe,M
Lemlem,F
Mekdes,F
Selam,F
Selam,F
Eyerusalem,F
Sisay,M
Eyob,M
Debritu,F
Ruth,F
Haile,M
Sisay,M
Lemlem,F
Nigussie,M
Sisay,M
Mekdes,F
Ruth,F
Mekdes,F
Solomon,M
Zerihun,M
Debritu,F
Ruth,F
Tamrat,M
Sara,F
Sara,F
Genet,F
Hirut,F
Kidus,M
Feven,F
Mekdes,F
Bereket,M
Zerihun,M
Kidus,M
Lemlem,F
Getachew,M
Amanuel,M
Ruth,F
Eyob,M
Eyob,M
Tamrat,M
Aster,F
Kifle,M
Debritu,F
Nigussie,M
Feven,F
Aster,F
Tamrat,M
Mekdes,F
Fitsum,M
Mekdes,F
Meles,M
Eyerusalem,F
Tesfaye,M
Feven,F
Tesfaye,M
Betelhem,F
Rahel,F
Bereket,M
Nigussie,M
Lemlem,F
Tesfaye,M
Sara,F
Zerihun,M
Bereket,M
Debritu,F
Amanuel,M
Eyob,M
Tesfaye,M
Haile,M
Yohannes,M
Meskerem,F
Makda,F
Kidus,M
Ruth,F
Tamrat,M
Betelhem,F
Lemlem,F
Almaz,F
Hanna,F
Lemlem,F
Getachew,M
Fitsum,M
Betelhem,F
Rediet,F
Amanuel,M
Eyob,M
Meskerem,F
Rahel,F
Meskerem,F
Hirut,F
Aster,F
Sara,F
Yordanos,F
Betelhem,F
Bereket,M
Yordanos,F
Ruth,F
Kifle,M
Tewodros,M
Amanuel,M
Lemlem,F
Dawit,M
Abebe,M
Yordanos,F
Amanuel,M
Amanuel,M
Feven,F
Makda,F
Genet,F
Solomon,M
Rahel,F
Sisay,M
Tigist,F
Solomon,M
Haile,M
Sara,F
Bereket,M
Eyob,M
Betelhem,F
Abebe,M
Solomon,M
Getachew,M
Abebe,M
Amanuel,M
Makda,F
Sara,F
Samuel,M
Ruth,F
Tamrat,M
Abebe,M
Betelhem,F
Meles,M
Hirut,F
Mekdes,F
Hanna,F
Meles,M
Solomon,M
Meles,M
Haile,M
Almaz,F
Amanuel,M
Feven,F
Selam,F
Kifle,M
Hirut,F
Nigussie,M
Tesfaye,M
Betelhem,F
Selam,F
Abebe,M
Kidus,M
Genet,F
Amanuel,M
Yordanos,F
Tamrat,M
Getachew,M
Rediet,F
Tamrat,M
Bereket,M
Eyerusalem,F
Yordanos,F
Bereket,M
Sisay,M
Fitsum,M
Bereket,M
Haile,M
Rediet,F
Kidus,M
Zerihun,M
Abebe,M
Tigist,F
Rahel,F
Solomon,M
Debritu,F
Tewodros,M
Tigist,F
Tigist,F
Sisay,M
Samuel,M
Dawit,M
Feven,F
Hirut,F
Nigussie,M
Bereket,M
Aster,F
Sisay,M
Hanna,F
Mekdes,F
Sara,F
Bereket,M
Lemlem,F
Almaz,F
Tewodros,M
Lemlem,F
Fitsum,M
Hanna,F
Fitsum,M
Betelhem,F
Selam,F
Tamrat,M
Hirut,F
Yordanos,F
Solomon,M
Betelhem,F
Rahel,F
Makda,F
Eyob,M
Abebe,M
Almaz,F
Fitsum,M
Solomon,M
Makda,F
Hirut,F
Mekdes,F
Amanuel,M
Hirut,F
Betelhem,F
Rediet,F
Tesfaye,M
Makda,F
Zerihun,M
Tesfaye,M
Hirut,F
Haile,M
Zerihun,M
Bereket,M
Tesfaye,M
Meles,M
Genet,F
Zerihun,M
Samuel,M
Tewodros,M
Ruth,F
Almaz,F
Hanna,F
Yohannes,M
Feven,F
Meskerem,F
Aster,F
Eyerusalem,F
Tamrat,M
Nigussie,M
Genet,F
Debritu,F
Mekdes,F
Dawit,M
Debritu,F
Fitsum,M
Getachew,M
Amanuel,M
Haile,M
Debritu,F
Kidus,M
Tamrat,M
Kidus,M
Betelhem,F
Bereket,M
Makda,F
Solomon,M
Tewodros,M
Solomon,M
Selam,F
Selam,F
Betelhem,F
Sisay,M
Almaz,F
Meles,M
Haile,M
Kifle,M
Bereket,M
Hirut,F
Makda,F
Abebe,M
Hanna,F
Kifle,M
Rediet,F
Rediet,F
Abebe,M
Yordanos,F
Mekdes,F
Kifle,M
Rahel,F
Yohannes,M
Selam,F
Betelhem,F
Ruth,F
Tamrat,M
Kidus,M
Rahel,F
Nigussie,M
Ruth,F
Selam,F
Tewodros,M
Feven,F
Getachew,M
Hanna,F
Zerihun,M
Tamrat,M
Zerihun,M
Haile,M
Ruth,F
Ruth,F
Meles,M
Selam,F
Selam,F
Yordanos,F
Tesfaye,M
Kifle,M
Samuel,M
Lemlem,F
Bereket,M
Makda,F
Haile,M
Makda,F
Meskerem,F
Tigist,F
Eyob,M
Tamrat,M
Tigist,F
Samuel,M
Ruth,F
Rahel,F
Sara,F
Fitsum,M
Nigussie,M
Hanna,F
Yordanos,F
Ruth,F
Betelhem,F
Meles,M
Tigist,F
Fitsum,M
Eyob,M
Hirut,F
Rahel,F
Tigist,F
Dawit,M
Ruth,F
Hanna,F
Betelhem,F
Tamrat,M
Kidus,M
Getachew,M
Amanuel,M
Betelhem,F
Meskerem,F
Tewodros,M
Hanna,F
Tesfaye,M
Lemlem,F
Sara,F
Nigussie,M
Solomon,M
Tamrat,M
Selam,F
Amanuel,M
Kifle,M
Getachew,M
Kifle,M
Kifle,M
Selam,F
Sara,F
Sisay,M
Yordanos,F
Abebe,M
Selam,F
Tesfaye,M
Haile,M
Selam,F
Abebe,M
Debritu,F
Tigist,F
Haile,M
Yohannes,M
Hirut,F
Sara,F
Ruth,F
Rediet,F
Meles,M
Selam,F
Meles,M
Rediet,F
Makda,F
Yohannes,M
Rahel,F
Genet,F
Sara,F
Feven,F
Bereket,M
Yohannes,M
Meskerem,F
Fitsum,M
Yohannes,M
Hirut,F
Getachew,M
Meskerem,F
Zerihun,M
Eyerusalem,F
Eyerusalem,F
Feven,F
Kidus,M
Debritu,F
Lemlem,F
Haile,M
Sara,F
Makda,F
Nigussie,M
Amanuel,M
Kifle,M
Mekdes,F
Haile,M
Sara,F
Kifle,M
Sara,F
Yordanos,F
Selam,F
Zerihun,M
Sara,F
Bereket,M
Sara,F
Mekdes,F
Sisay,M
Almaz,F
Fitsum,M
Hirut,F
Meles,M
Tesfaye,M
Dawit,M
Aster,F
Hirut,F
Feven,F
Meles,M
Nigussie,M
Abebe,M
Zerihun,M
Sara,F
Yordanos,F
Lemlem,F
Hirut,F
Betelhem,F
Aster,F
Dawit,M
Nigussie,M
Amanuel,M
Rahel,F
Tamrat,M
Getachew,M
Nigussie,M
Lemlem,F
Kifle,M
Fitsum,M
Lemlem,F
Mekdes,F
Dawit,M
Haile,M
Bereket,M
Sisay,M
Ruth,F
Lemlem,F
Eyob,M
Almaz,F
Getachew,M
Sara,F
Kifle,M
Sisay,M
Tesfaye,M
Ruth,F
Tesfaye,M
Bereket,M
Eyob,M
Yohannes,M
Dawit,M
Kidus,M
Hanna,F
Selam,F
Zerihun,M
Sisay,M
Samuel,M
Hanna,F
Selam,F
Getachew,M
Mekdes,F
Hirut,F
Eyob,M
Yordanos,F
Hirut,F
Mekdes,F
Tigist,F
Debritu,F
Yordanos,F
Ruth,F
Betelhem,F
Solomon,M
Selam,F
Dawit,M
Tamrat,M
Meles,M
Solomon,M
Eyerusalem,F
Kidus,M
Debritu,F
Zerihun,M
Eyob,M
Mekdes,F
Tesfaye,M
Meskerem,F
Yordanos,F
Kifle,M
Kidus,M
Eyerusalem,F
Mekdes,F
Aster,F
Tamrat,M
Betelhem,F
Betelhem,F
Hirut,F
Almaz,F
Solomon,M
Yohannes,M
Selam,F
Mekdes,F
Sara,F
Aster,F
Selam,F
Yohannes,M
Genet,F
Rahel,F
Almaz,F
Meles,M
Samuel,M
Tamrat,M
Getachew,M
Tigist,F
Mekdes,F
Zerihun,M
Meskerem,F
Yordanos,F
Yordanos,F
Hanna,F
Meles,M
Haile,M
Fitsum,M
Tigist,F
Genet,F
Haile,M
Tesfaye,M
Ruth,F
Tigist,F
Haile,M
Getachew,M
Fitsum,M
Getachew,M
Kifle,M
Haile,M
Hirut,F
Fitsum,M
Feven,F
Kifle,M
Yohannes,M
Rahel,F
Zerihun,M
Mekdes,F
Abebe,M
Meles,M
Feven,F
Hanna,F
Eyerusalem,F
Genet,F
Meskerem,F
Yohannes,M
Kidus,M
Yordanos,F
Hanna,F
Genet,F
Meskerem,F
Yohannes,M
Feven,F
Mekdes,F
Rediet,F
Tewodros,M
Zerihun,M
Feven,F
Rediet,F
Dawit,M
Getachew,M
Makda,F
Ruth,F
Ruth,F
Getachew,M
Tigist,F
Rahel,F
Meskerem,F
Makda,F
Eyerusalem,F
Yordanos,F
Aster,F
Debritu,F
Makda,F
Getachew,M
Makda,F
Rahel,F
Tamrat,M
Rediet,F
Tesfaye,M
Feven,F
Eyerusalem,F
Ruth,F
Feven,F
Mekdes,F
Meles,M
Eyob,M
Makda,F
Yohannes,M
Almaz,F
Abebe,M
Lemlem,F
Genet,F
Haile,M
Mekdes,F
Dawit,M
Abebe,M
Kidus,M
Lemlem,F
Abebe,M
Tamrat,M
Sisay,M
Tewodros,M
Ruth,F
Makda,F
Bereket,M
Kifle,M
Amanuel,M
Feven,F
Getachew,M
Eyerusalem,F
Bereket,M
Ruth,F
Lemlem,F
Ruth,F
Makda,F
Aster,F
Sara,F
Tigist,F
Tesfaye,M
Fitsum,M
Tesfaye,M
Zerihun,M
Tigist,F
Ruth,F
Tigist,F
Dawit,M
Rediet,F
Almaz,F
Meles,M
Haile,M
Aster,F
Rediet,F
Selam,F
Lemlem,F
Samuel,M
Tewodros,M
Debritu,F
Tewodros,M
Nigussie,M
Genet,F
Zerihun,M
Kidus,M
Makda,F
Zerihun,M
Hanna,F
Kidus,M
Ruth,F
Betelhem,F
Feven,F
Selam,F
Sisay,M
Eyob,M
Abebe,M
Samuel,M
Fitsum,M
Zerihun,M
Tigist,F
Selam,F
Sara,F
Tesfaye,M
Meskerem,F
Makda,F
Kifle,M
Zerihun,M
Debritu,F
Eyerusalem,F
Sara,F
Meles,M
Almaz,F
Rahel,F
Debritu,F
Makda,F
Zerihun,M
Rahel,F
Solomon,M
Yordanos,F
Sara,F
Abebe,M
Zerihun,M
Lemlem,F
Betelhem,F
Abebe,M
Solomon,M
Rediet,F
Rahel,F
Kifle,M
Mekdes,F
Makda,F
Yohannes,M
Abebe,M
Hanna,F
Tewodros,M
Getachew,M
Getachew,M
Eyerusalem,F
Mekdes,F
Mekdes,F
Getachew,M
Makda,F
Haile,M
Rediet,F
Eyob,M
Getachew,M
Eyob,M
Zerihun,M
Tamrat,M
Genet,F
Abebe,M
Dawit,M
Meles,M
Fitsum,M
Eyob,M
Haile,M
Sara,F
Debritu,F
Debritu,F
Meskerem,F
Tamrat,M
Kifle,M
Rahel,F
Zerihun,M
Tewodros,M
Amanuel,M
Getachew,M
Fitsum,M
Mekdes,F
Feven,F
Makda,F
Tigist,F
Dawit,M
Eyerusalem,F
Rediet,F
Yordanos,F
Lemlem,F
Bereket,M
Tewodros,M
Bereket,M
Selam,F
Kifle,M
Yohannes,M
Dawit,M
Hirut,F
Meskerem,F
Makda,F
Yordanos,F
Selam,F
Debritu,F
Sara,F
Rahel,F
Tigist,F
Almaz,F
Lemlem,F
Ruth,F
Aster,F
Meskerem,F
Dawit,M
Zerihun,M
Eyob,M
Yohannes,M
Selam,F
Genet,F
Haile,M
Dawit,M
Hanna,F
Sisay,M
Zerihun,M
Tigist,F
Selam,F
Amanuel,M
Yohannes,M
Debritu,F
Genet,F
Zerihun,M
Aster,F
Makda,F
Haile,M
Meskerem,F
Debritu,F
Fitsum,M
Tamrat,M
Dawit,M
Tesfaye,M
Rahel,F
Yordanos,F
Rahel,F
Eyob,M
Tewodros,M
Debritu,F
Eyob,M
Genet,F
Selam,F
Kidus,M
Getachew,M
Ruth,F
Amanuel,M
Getachew,M
Ruth,F
Rahel,F
Tewodros,M
Feven,F
Debritu,F
Ruth,F
Mekdes,F
Aster,F
Abebe,M
Solomon,M
Zerihun,M
Aster,F
Yohannes,M
Aster,F
Aster,F
Feven,F
Sara,F
Kifle,M
Fitsum,M
Nigussie,M
Rediet,F
Abebe,M
Kidus,M
Genet,F
Sara,F
Tamrat,M
Meles,M
Nigussie,M
Sisay,M
Samuel,M
Abebe,M
Tewodros,M
Aster,F
Selam,F
Mekdes,F
Nigussie,M
Amanuel,M
Aster,F
Lemlem,F
Fitsum,M
Samuel,M
Sara,F
Abebe,M
Lemlem,F
Kidus,M
Yordanos,F
Amanuel,M
Tigist,F
Aster,F
Makda,F
Ruth,F
Fitsum,M
Makda,F
Feven,F
Meles,M
Lemlem,F
Selam,F
Tewodros,M
Sara,F
Aster,F
Kifle,M
Bereket,M
Yordanos,F
Sisay,M
Yohannes,M
Haile,M
Kifle,M
Sara,F
Nigussie,M
Lemlem,F
Rahel,F
Aster,F
Zerihun,M
Fitsum,M
Hirut,F
Nigussie,M
Dawit,M
Sara,F
Kidus,M
Bereket,M
Sara,F
Sisay,M
Debritu,F
Debritu,F
Debritu,F
Kidus,M
Solomon,M
Genet,F
Yordanos,F
Amanuel,M
Debritu,F
Lemlem,F
Feven,F
Getachew,M
Rahel,F
Kidus,M
Eyerusalem,F
Nigussie,M
Tigist,F
Dawit,M
Lemlem,F
Makda,F
Hanna,F
Mekdes,F
Meskerem,F
Lemlem,F
Sara,F
Feven,F
Sisay,M
Selam,F
Rahel,F
Yohannes,M
Rahel,F
Meles,M
Dawit,M
Genet,F
Dawit,M
Solomon,M
Solomon,M
Betelhem,F
Kidus,M
Solomon,M
Sisay,M
Hirut,F
Meskerem,F
Lemlem,F
Solomon,M
Yordanos,F
Debritu,F
Kidus,M
Fitsum,M
Solomon,M
Tewodros,M
Hanna,F
Kifle,M
Hirut,F
Kidus,M
Tewodros,M
Tesfaye,M
Hanna,F
Tamrat,M
Rediet,F
Samuel,M
Aster,F
Tigist,F
Amanuel,M
Eyerusalem,F
Ruth,F
Rediet,F
Bereket,M
Meles,M
Tigist,F
Kidus,M
Amanuel,M
Hanna,F
Mekdes,F
Tigist,F
Tewodros,M
Dawit,M
Yordanos,F
Fitsum,M
Zerihun,M
Kidus,M
Mekdes,F
Sara,F
Genet,F
Meskerem,F
Yordanos,F
Rahel,F
Samuel,M
Selam,F
Fitsum,M
Yohannes,M
Samuel,M
Makda,F
Lemlem,F
Kidus,M
Lemlem,F
Rediet,F
Sara,F
Zerihun,M
Eyerusalem,F
Nigussie,M
Makda,F
Rahel,F
Dawit,M
Hanna,F
Bereket,M
Mekdes,F
Haile,M
Betelhem,F
Ruth,F
Selam,F
Betelhem,F
Eyob,M
Eyob,M
Yordanos,F
Hirut,F
Feven,F
Solomon,M
Tesfaye,M
Almaz,F
Haile,M
Aster,F
Zerihun,M
Meskerem,F
Zerihun,M
Selam,F
Eyerusalem,F
Sisay,M
Sisay,M
Eyerusalem,F
Tewodros,M
Dawit,M
Eyob,M
Betelhem,F
Mekdes,F
Betelhem,F
Bereket,M
Kifle,M
Ruth,F
Feven,F
Haile,M
Kifle,M
Sisay,M
Getachew,M
Bereket,M
Zerihun,M
Bereket,M
Genet,F
Genet,F
Kifle,M
Dawit,M
Feven,F
Meles,M
Tewodros,M
Amanuel,M
Selam,F
Genet,F
Kifle,M
Rediet,F
Haile,M
Eyerusalem,F
Nigussie,M
Fitsum,M
Eyob,M
Tamrat,M
Nigussie,M
Tewodros,M
Hirut,F
Hirut,F
Rediet,F
Dawit,M
Yohannes,M
Makda,F
Abebe,M
Eyerusalem,F
Selam,F
Feven,F
Mekdes,F
Kidus,M
Tamrat,M
Bereket,M
Getachew,M
Meskerem,F
Sara,F
Debritu,F
Almaz,F
Tesfaye,M
Rediet,F
Tesfaye,M
Meskerem,F
Hanna,F
Aster,F
Tewodros,M
Getachew,M
Ruth,F
Tesfaye,M
Ruth,F
Kidus,M
Getachew,M
Feven,F
Debritu,F
Tesfaye,M
Kifle,M
Sisay,M
Rediet,F
Solomon,M
Hanna,F
Rediet,F
Solomon,M
Abebe,M
Sara,F
Mekdes,F
Bereket,M
Aster,F
Bereket,M
Bereket,M
Getachew,M
Debritu,F
Eyerusalem,F
Feven,F
Hirut,F
Yohannes,M
Samuel,M
Kidus,M
Dawit,M
Sisay,M
Sara,F
Genet,F
Meles,M
Eyerusalem,F
Abebe,M
Eyob,M
Tamrat,M
Rahel,F
Almaz,F
Meles,M
Yordanos,F
Fitsum,M
Kifle,M
Yordanos,F
Zerihun,M
Kidus,M
Tesfaye,M
Selam,F
Nigussie,M
Yohannes,M
Amanuel,M
Yohannes,M
Feven,F
Eyob,M
Tesfaye,M
Tamrat,M
Aster,F
Tesfaye,M
Kidus,M
Dawit,M
Tewodros,M
Nigussie,M
Aster,F
Aster,F
Tesfaye,M
Mekdes,F
Tesfaye,M
Almaz,F
Makda,F
Bereket,M
Bereket,M
Sisay,M
Almaz,F
Haile,M
Yordanos,F
Kidus,M
Nigussie,M
Lemlem,F
Yordanos,F
Haile,M
Dawit,M
Meles,M
Tamrat,M
Abebe,M
Betelhem,F
Mekdes,F
Feven,F
Yohannes,M
Yordanos,F
Getachew,M
Tesfaye,M
Zerihun,M
Amanuel,M
Tewodros,M
Debritu,F
Yohannes,M
Rahel,F
Hanna,F
Selam,F
Getachew,M
Meles,M
Sara,F
Debritu,F
Rahel,F
Sisay,M
Makda,F
Zerihun,M
Tigist,F
Nigussie,M
Yohannes,M
Dawit,M
Mekdes,F
Eyerusalem,F
Rahel,F
Aster,F
Bereket,M
Solomon,M
Meskerem,F
Rediet,F
Dawit,M
Hirut,F
Abebe,M
Meles,M
Aster,F
Eyob,M
Kidus,M
Abebe,M
Nigussie,M
Fitsum,M
Selam,F
Feven,F
Ruth,F
Samuel,M
Solomon,M
Genet,F
Nigussie,M
Samuel,M
Yohannes,M
Nigussie,M
Rahel,F
Yordanos,F
Tesfaye,M
Haile,M
Abebe,M
Yordanos,F
Bereket,M
Getachew,M
Abebe,M
Solomon,M
Ruth,F
Dawit,M
Getachew,M
Kifle,M
Makda,F
Lemlem,F
Haile,M
Tewodros,M
Tamrat,M
Solomon,M
Makda,F
Hanna,F
Dawit,M
Kifle,M
Haile,M
Solomon,M
Tigist,F
Solomon,M
Lemlem,F
Hanna,F
Betelhem,F
Eyob,M
Makda,F
Yohannes,M
Rediet,F
Hanna,F
Mekdes,F
Samuel,M
Bereket,M
Getachew,M
Aster,F
Hirut,F
Hanna,F
Dawit,M
Mekdes,F
Tamrat,M
Abebe,M
Hirut,F
Solomon,M
Yohannes,M
Haile,M
Betelhem,F
Nigussie,M
Samuel,M
Meskerem,F
Lemlem,F
Bereket,M
Tewodros,M
Feven,F
Yohannes,M
Getachew,M
Getachew,M
Rediet,F
Fitsum,M
Hanna,F
Rahel,F
Mekdes,F
Zerihun,M
Kifle,M
Eyob,M
Dawit,M
Samuel,M
Tamrat,M
Betelhem,F
Haile,M
Eyob,M
Debritu,F
Ruth,F
Bereket,M
Solomon,M
Sisay,M
Lemlem,F
Hanna,F
Nigussie,M
Haile,M
Haile,M
Aster,F
Dawit,M
Tewodros,M
Debritu,F
Kidus,M
Ruth,F
Kifle,M
Tewodros,M
Debritu,F
Genet,F
Debritu,F
Zerihun,M
Mekdes,F
Samuel,M
Getachew,M
Solomon,M
Yohannes,M
Genet,F
Yohannes,M
Genet,F
Tigist,F
Dawit,M
Nigussie,M
Mekdes,F
Bereket,M
Feven,F
Tigist,F
Almaz,F
Getachew,M
Amanuel,M
Sisay,M
Kifle,M
Betelhem,F
Feven,F
Tigist,F
Eyob,M
Solomon,M
Tewodros,M
Makda,F
Hanna,F
Betelhem,F
Eyerusalem,F
Dawit,M
Samuel,M
Mekdes,F
Sara,F
Dawit,M
Rediet,F
Tesfaye,M
Hirut,F
Selam,F
Nigussie,M
Hanna,F
Meskerem,F
Eyerusalem,F
Eyob,M
Getachew,M
Tamrat,M
Sisay,M
Bereket,M
Almaz,F
Sara,F
Debritu,F
Tesfaye,M
Yohannes,M
Kifle,M
Tewodros,M
Yordanos,F
Dawit,M
Dawit,M
Tigist,F
Sisay,M
Mekdes,F
Ruth,F
Sara,F
Tewodros,M
Betelhem,F
Mekdes,F
Tamrat,M
Fitsum,M
Hanna,F
Haile,M
Amanuel,M
Genet,F
Tewodros,M
Rediet,F
Tigist,F
Tamrat,M
Nigussie,M
Meles,M
Meles,M
Mekdes,F
Debritu,F
Lemlem,F
Haile,M
Abebe,M
Tesfaye,M
Eyerusalem,F
Kidus,M
Feven,F
Genet,F
Meles,M
Yordanos,F
Feven,F
Yohannes,M
Rahel,F
Genet,F
Tigist,F
Tewodros,M
Meles,M
Tesfaye,M
Tigist,F
Yohannes,M
Tewodros,M
Betelhem,F
Lemlem,F
Kidus,M
Eyerusalem,F
Debritu,F
Aster,F
Zerihun,M
Tewodros,M
Almaz,F
Dawit,M
Zerihun,M
Betelhem,F
Eyob,M
Nigussie,M
Abebe,M
Eyerusalem,F
Genet,F
Nigussie,M
Yohannes,M
Abebe,M
Almaz,F
Meskerem,F
Zerihun,M
Makda,F
Eyerusalem,F
Eyerusalem,F
Abebe,M
Amanuel,M
Bereket,M
Tigist,F
Abebe,M
Feven,F
Bereket,M
Samuel,M
Rahel,F
Rediet,F
Yohannes,M
Kifle,M
Selam,F
Tewodros,M
Betelhem,F
Samuel,M
Almaz,F
Amanuel,M
Haile,M
Rediet,F
Nigussie,M
Rediet,F
Makda,F
Hanna,F
Bereket,M
Sara,F
Eyerusalem,F
Meskerem,F
Almaz,F
Tesfaye,M
Hirut,F
Dawit,M
Feven,F
Kidus,M
Yordanos,F
Haile,M
Amanuel,M
Lemlem,F
Aster,F
Yohannes,M
Eyob,M
Ruth,F
Sara,F
Zerihun,M
Rahel,F
Yohannes,M
Makda,F
Solomon,M
Debritu,F
Makda,F
Nigussie,M
Mekdes,F
Rahel,F
Rahel,F
Yohannes,M
Tewodros,M
Meskerem,F
Tigist,F
Hanna,F
Tewodros,M
Bereket,M
Zerihun,M
Makda,F
Sisay,M
Genet,F
Tamrat,M
Sara,F
Zerihun,M
Betelhem,F
Meles,M
Kifle,M
Feven,F
Getachew,M
Eyob,M
Betelhem,F
Zerihun,M
Mekdes,F
Abebe,M
Zerihun,M
Eyob,M
Sisay,M
Feven,F
Yordanos,F
Meles,M
Getachew,M
Sisay,M
Tigist,F
Yohannes,M
Tamrat,M
Solomon,M
Eyob,M
Sisay,M
Dawit,M
Hirut,F
Haile,M
Genet,F
Mekdes,F
Tewodros,M
Rahel,F
Bereket,M
Mekdes,F
Hanna,F
Meskerem,F
Haile,M
Aster,F
Betelhem,F
Kidus,M
Yohannes,M
Kifle,M
Sara,F
Zerihun,M
Rediet,F
Meskerem,F
Yohannes,M
Tamrat,M
Lemlem,F
Meskerem,F
Feven,F
Samuel,M
Sara,F
Makda,F
Nigussie,M
Sara,F
Meskerem,F
Sara,F
Tesfaye,M
Kidus,M
Nigussie,M
Ruth,F
Meles,M
Tesfaye,M
Rahel,F
Selam,F
Kifle,M
Yohannes,M
Tamrat,M
Genet,F
Kifle,M
Sara,F
Tamrat,M
Meles,M
Tamrat,M
Abebe,M
Zerihun,M
Abebe,M
Tigist,F
Haile,M
Tewodros,M
Abebe,M
Mekdes,F
Sara,F
Solomon,M
Eyerusalem,F
Genet,F
Hanna,F
Genet,F
Eyob,M
Sisay,M
Mekdes,F
Sisay,M
Getachew,M
Lemlem,F
Kidus,M
Tigist,F
Getachew,M
Betelhem,F
Sisay,M
Makda,F
Kifle,M
Abebe,M
Eyerusalem,F
Betelhem,F
Meles,M
Meles,M
Aster,F
Lemlem,F
Betelhem,F
Hirut,F
Samuel,M
Almaz,F
Dawit,M
Dawit,M
Haile,M
Rahel,F
Abebe,M
Eyerusalem,F
Fitsum,M
Dawit,M
Abebe,M
Mekdes,F
Abebe,M
Hirut,F
Eyerusalem,F
Eyob,M
Hirut,F
Meles,M
Nigussie,M
Sisay,M
Aster,F
Solomon,M
Tigist,F
Meles,M
Abebe,M
Abebe,M
Kidus,M
Makda,F
Zerihun,M
Amanuel,M
Fitsum,M
Zerihun,M
Mekdes,F
Eyob,M
Selam,F
Amanuel,M
Amanuel,M
Lemlem,F
Meles,M
Abebe,M
Hanna,F
Meles,M
Selam,F
Haile,M
Hanna,F
Abebe,M
Lemlem,F
Tesfaye,M
Yordanos,F
Yordanos,F
Hanna,F
Tamrat,M
Genet,F
Betelhem,F
Eyob,M
Ruth,F
Rediet,F
Tamrat,M
Makda,F
Lemlem,F
Zerihun,M
Rediet,F
Tamrat,M
Tesfaye,M
Hanna,F
Samuel,M
Sara,F
Eyerusalem,F
Eyob,M
Nigussie,M
Debritu,F
Tigist,F
Sisay,M
Makda,F
Solomon,M
Abebe,M
Abebe,M
Rediet,F
Zerihun,M
Tigist,F
Haile,M
Meskerem,F
Hirut,F
Solomon,M
Zerihun,M
Debritu,F
Kifle,M
Tamrat,M
Nigussie,M
Nigussie,M
Debritu,F
Kidus,M
Abebe,M
Meles,M
Betelhem,F
Haile,M
Haile,M
Mekdes,F
Nigussie,M
Amanuel,M
Almaz,F
Rediet,F
Bereket,M
Meskerem,F
Makda,F
Samuel,M
Meskerem,F
Fitsum,M
Yohannes,M
Amanuel,M
Sisay,M
Amanuel,M
Hirut,F
Yohannes,M
Hirut,F
Solomon,M
Meskerem,F
Getachew,M
Eyob,M
Feven,F
Rediet,F
Aster,F
Kifle,M
Tamrat,M
Dawit,M
Dawit,M
Yohannes,M
Selam,F
Yordanos,F
Yohannes,M
Hanna,F
Nigussie,M
Zerihun,M
Lemlem,F
Meskerem,F
Yordanos,F
Fitsum,M
Feven,F
Getachew,M
Yordanos,F
Dawit,M
Sara,F
Selam,F
Eyerusalem,F
Haile,M
Selam,F
Nigussie,M
Lemlem,F
Meskerem,F
Ruth,F
Sara,F
Kifle,M
Betelhem,F
Tesfaye,M
Betelhem,F
Kifle,M
Yordanos,F
Kifle,M
Meles,M
Kifle,M
Kidus,M
Nigussie,M
Debritu,F
Sisay,M
Makda,F
Feven,F
Betelhem,F
Samuel,M
Kidus,M
Debritu,F
Kidus,M
Eyerusalem,F
Tigist,F
Rediet,F
Aster,F
Mekdes,F
Kidus,M
Zerihun,M
Tigist,F
Kifle,M
Dawit,M
Debritu,F
Hanna,F
Lemlem,F
Fitsum,M
Selam,F
Hanna,F
Rediet,F
Sisay,M
Tesfaye,M
Sara,F
Sisay,M
Tigist,F
Tesfaye,M
Yordanos,F
Getachew,M
Tesfaye,M
Solomon,M
Betelhem,F
Solomon,M
Abebe,M
Nigussie,M
Lemlem,F
Rahel,F
Bereket,M
Kifle,M
Debritu,F
Tamrat,M
Mekdes,F
Yordanos,F
Selam,F
Getachew,M
Tamrat,M
Samuel,M
Tesfaye,M
Bereket,M
Tamrat,M
Kidus,M
Yohannes,M
Tigist,F
Ruth,F
Kifle,M
Tamrat,M
Tamrat,M
Mekdes,F
Samuel,M
Aster,F
Tamrat,M
Haile,M
Tewodros,M
Kifle,M
Haile,M
Fitsum,M
Debritu,F
Amanuel,M
Selam,F
Debritu,F
Mekdes,F
Fitsum,M
Rahel,F
Feven,F
Tamrat,M
Makda,F
Betelhem,F
Hanna,F
Solomon,M
Aster,F
Tewodros,M
Mekdes,F
Eyerusalem,F
Eyerusalem,F
Rediet,F
Selam,F
Solomon,M
Feven,F
Zerihun,M
Zerihun,M
Ruth,F
Tigist,F
Hirut,F
Eyerusalem,F
Sisay,M
Samuel,M
Kidus,M
Yordanos,F
Mekdes,F
Zerihun,M
Getachew,M
Getachew,M
Tigist,F
Eyerusalem,F
Genet,F
Meskerem,F
Bereket,M
Sara,F
Selam,F
Eyerusalem,F
Tesfaye,M
Eyerusalem,F
Haile,M
Ruth,F
Rediet,F
Debritu,F
Tewodros,M
Feven,F
Kidus,M
Mekdes,F
Aster,F
Fitsum,M
Ruth,F
Tewodros,M
Tigist,F
Aster,F
Eyerusalem,F
Samuel,M
Feven,F
Solomon,M
Tamrat,M
Rahel,F
Makda,F
Nigussie,M
Ruth,F
Almaz,F
Abebe,M
Samuel,M
Ruth,F
Zerihun,M
Aster,F
Debritu,F
Debritu,F
Selam,F
Debritu,F
Debritu,F
Selam,F
Fitsum,M
Mekdes,F
Fitsum,M
Ruth,F
Nigussie,M
Makda,F
Rahel,F
Rediet,F
Samuel,M
Meles,M
Tesfaye,M
Almaz,F
Tigist,F
Rahel,F
Ruth,F
Ruth,F
Yohannes,M
Lemlem,F
Yordanos,F
Zerihun,M
Bereket,M
Abebe,M
Yohannes,M
Lemlem,F
Rahel,F
Betelhem,F
Zerihun,M
Solomon,M
Tigist,F
Kifle,M
Getachew,M
Eyob,M
Debritu,F
Almaz,F
Mekdes,F
Lemlem,F
Sara,F
Solomon,M
Fitsum,M
Hirut,F
Sisay,M
Meskerem,F
Meskerem,F
Amanuel,M
Mekdes,F
Abebe,M
Eyob,M
Zerihun,M
Abebe,M
Bereket,M
Tamrat,M
Meles,M
Genet,F
Hirut,F
Getachew,M
Kifle,M
Sara,F
Sisay,M
Tewodros,M
Getachew,M
Feven,F
Getachew,M
Makda,F
Ruth,F
Tewodros,M
Bereket,M
Tigist,F
Mekdes,F
Abebe,M
Lemlem,F
Zerihun,M
Amanuel,M
Genet,F
Betelhem,F
Eyerusalem,F
Getachew,M
Eyerusalem,F
Makda,F
Makda,F
Zerihun,M
Aster,F
Hanna,F
Tamrat,M
Sara,F
Kidus,M
Aster,F
Mekdes,F
Yordanos,F
Almaz,F
Meles,M
Meles,M
Meles,M
Tewodros,M
Lemlem,F
Feven,F
Abebe,M
Amanuel,M
Genet,F
Yohannes,M
Meles,M
Tesfaye,M
Debritu,F
Rahel,F
Eyerusalem,F
Aster,F
Aster,F
Solomon,M
Feven,F
Aster,F
Meskerem,F
Solomon,M
Betelhem,F
Solomon,M
Haile,M
Feven,F
Amanuel,M
Feven,F
Yordanos,F
Rahel,F
Feven,F
Kifle,M
Bereket,M
Tesfaye,M
Solomon,M
Makda,F
Bereket,M
Samuel,M
Getachew,M
Tigist,F
Abebe,M
Lemlem,F
Eyerusalem,F
Almaz,F
Feven,F
Meles,M
Yohannes,M
Meskerem,F
Yordanos,F
Feven,F
Abebe,M
Aster,F
Solomon,M
Haile,M
Mekdes,F
Samuel,M
Tesfaye,M
Dawit,M
Genet,F
Nigussie,M
Kidus,M
Yordanos,F
Rediet,F
Haile,M
Tigist,F
Hirut,F
Sara,F
Almaz,F
Dawit,M
Kifle,M
Debritu,F
Meskerem,F
Meskerem,F
Rediet,F
Feven,F
Ruth,F
Sara,F
Amanuel,M
Bereket,M
Makda,F
Makda,F
Samuel,M
Kifle,M
Rahel,F
Almaz,F
Rahel,F
Sisay,M
Kidus,M
Yordanos,F
Yohannes,M
Haile,M
Tamrat,M
Sara,F
Meles,M
Tigist,F
Samuel,M
Bereket,M
Ruth,F
Kifle,M
Haile,M
Haile,M
Rahel,F
Bereket,M
Eyerusalem,F
Makda,F
Amanuel,M
Tigist,F
Mekdes,F
Tigist,F
Eyob,M
Eyob,M
Rediet,F
Tewodros,M
Ruth,F
Rediet,F
Makda,F
Bereket,M
Aster,F
Abebe,M
Rahel,F
Haile,M
Getachew,M
Tesfaye,M
Kifle,M
Yordanos,F
Amanuel,M
Haile,M
Tamrat,M
Yordanos,F
Tamrat,M
Yohannes,M
Zerihun,M
Rediet,F
Hirut,F
Kidus,M
Ruth,F
Tigist,F
Rediet,F
Getachew,M
Feven,F
Dawit,M
Tesfaye,M
Fitsum,M
Bereket,M
Abebe,M
Kidus,M
Tewodros,M
Sisay,M
Kifle,M
Rediet,F
Samuel,M
Zerihun,M
Mekdes,F
Amanuel,M
Sara,F
Mekdes,F
Makda,F
Kidus,M
Hanna,F
Amanuel,M
Dawit,M
Selam,F
Nigussie,M
Kidus,M
Nigussie,M
Rahel,F
Kidus,M
